Rank,Curated Title,Date,Impressions,Likes,Engagements,Bookmarks,Shares,Replies,Reposts,Profile Visits,Detail Expands,URL Clicks,Post URL,Post ID,Post Text
1,NEW HOPPER 2026 — registration OPEN,2026-01-06,33428,32,1068,33,5,3,22,72,231,218,https://x.com/WWCKorea/status/2008463131958485193,2008463131958485193,"📢 NEW HOPPER 2026 with AI 참가자 모집 OPEN! 🚀 AI 시대를 항해하는 IT 여성들을 위한 신년 행사 ✨ AI를 성과와 성장으로 연결 ✨ 테크 / 커리어 &amp; 생산성 세션 + 네트워킹 ✨ 선착순 100명 📅 1/31(토) 13–17시 📍 누디트 익선 💰 10,000원 👉 신청: https://t.co/khdSDdiCAF https://t.co/Uf81HKAIiU"
2,She Run The World — leadership conference announcement,2025-05-10,13864,54,634,22,11,1,43,75,131,179,https://x.com/WWCKorea/status/1921184947630383356,1921184947630383356,"✨리더를 꿈꾸는 모든 여성을 위한 특별한 행사 She, Run the World 🚀 테크 리더부터 제품 리더, 더 나아가 조직을 이끌고 비전을 제시하는 경영 리더까지 만나볼 기회! 📅 행사 일정 -일시: 5월 31일(토) -장소: 한빛미디어 강의실60 -참가비: 5000원 -참여 신청: 🔗 https://t.co/PMKTa9Cnlu https://t.co/YoSXb3YYrC"
3,1H Retrospective — IT women community recap event,2025-07-10,13251,87,743,39,8,1,46,106,57,0,https://x.com/WWCKorea/status/1943241557148340388,1943241557148340388,"WWC Korea에서 IT 업계 여성들을 위한 상반기 회고를 엽니다! 개발자, 디자이너, 기획자, 데이터 분석가등 다양한 직군의 여성들이 모여 편안하게 상반기를 돌아보고 하반기 목표를 세워요. 위민후코드 제작 회고 템플릿과 함께 인사이트를 나누는 시간도 준비했습니다💙 (신청 링크는 이어서 타래로) https://t.co/qcNbvyDBXo"
4,Hackathon for Women — IWD2026 teaser,2026-02-15,10043,55,246,23,2,1,22,86,78,0,https://x.com/WWCKorea/status/2022919741392978317,2022919741392978317,"📢 [스포주의] WWCKorea 해커톤?! 🛠️💗 국제 여성의 날, Hackathon for Women이 옵니다. 여성의 삶과 관련된 사회 문제를 기술로 해결하고 싶은 분들 주목! 📅 행사: 3/7(토) @창업허브 공덕🚀모집 시작: 2/19(목) 선착순 40명!"
5,UK Overseas AMA — Medium recap,2025-07-06,9029,61,405,42,6,0,41,42,47,213,https://x.com/WWCKorea/status/1941748446714871850,1941748446714871850,"""영국에서 개발자로 일한다는 건, 실제로 어떤 모습일까?"" 지난 4월 영국 해외취업 AMA에서 유보미 님이 들려준 리얼 해외취업 이야기💬 그날의 기록을 미디엄에 정리했습니다! 진지하게 워홀·커리어 고민 중이라면, 꼭 읽어보세요👇 🔗 https://t.co/uZKklUdxWk"
6,NEW HOPPER 2026 — speaker call,2025-12-29,8632,33,213,10,5,4,24,60,90,0,https://x.com/WWCKorea/status/2005572386201223559,2005572386201223559,"2026년 새해, WWC Korea와 함께할 스피커를 찾습니다! AI 시대, 여러분만의 생존 전략과 노하우를 나눠주세요! 성장하고 싶은 IT 여성분들의 많은 지원 바랍니다. 🚀 🔹 Track 1: AI 기술 트렌드 &amp; 실무 적용 🔸 Track 2: AI 활용 사례 &amp; 커리어 전략 📅 마감: 1/5(월) 23:59까지"
7,She Run The World — day-of,2025-05-31,7971,19,285,1,0,0,16,35,49,1,https://x.com/WWCKorea/status/1928643549714612367,1928643549714612367,"✨She, Run the World! 다들 기억하고 계시죠? 한빛빌딩 A동 2층에서 만나요! ✔️위민후코드 코리아 스티커 ✔️해피문데이 탐폰 ✔️음료(라떼 / 아메리카노 / 생수 중 택1) ✔️달달한 도넛 모~두 챙겨드립니다 🎁 🤝 네트워킹을 위해 명함도 꼭 챙겨와 주세요! https://t.co/ResT7wXuk5"
8,Hackathon for Women — registration OPEN (40 seats),2026-02-19,7955,37,704,18,4,2,33,50,233,348,https://x.com/WWCKorea/status/2024427680717004958,2024427680717004958,📢 [WWCKorea] Hackathon for Women 모집 시작! 🛠️ 국제 여성의 날을 맞아 여성의 삶과 관련된 사회 문제를 기술로 해결하고 싶은 분들 모여라! ✨ 선착순 40명 ✨여성의 시선으로 문제 재해석 ✨ 협업을 통한 아이디어 구현 ✨ 포용적인 기술 생태계 기여 📅 2026.03.07 오전 10시 - 오후 6시
9,"She Run The World — speaker (You Han-yeoul, product leader)",2025-05-10,7662,16,308,2,0,1,6,24,109,0,https://x.com/WWCKorea/status/1921188598109413634,1921188598109413634,"[유한여울님 - 기획은 안 했고, 실패는 좀 했다] 평창올림픽 개폐회식 운영팀 막내에서 스타트업 임원이 되기까지. 실패를 발판 삼아 구조를 만든 제품 리더의 여정. 계획한 적 없지만 계속 진화한 커리어! 불확실한 순간, 방향을 찾고 싶은 모든 분들께 들려주고픈 이야기 #제품리더십 #실패의기술 https://t.co/Ue7J2qgH5P"
10,Hackathon for Women — kickoff,2026-03-07,6479,56,556,2,0,1,17,32,73,0,https://x.com/WWCKorea/status/2030092851875590322,2030092851875590322,국제 여성의날 기념 Hackathon for Women 시작합니다🥖🌹 https://t.co/QHrR8azShT
11,Hackathon for Women — Coming Soon announcement,2026-02-15,4681,22,92,6,0,1,10,22,36,0,https://x.com/WWCKorea/status/2023027779378548978,2023027779378548978,"💡 국제 여성의 날 기념 Hackathon for Women 개최! Coming Soon! 3월 7일, 특별한 해커톤이 여러분을 찾아옵니다. 대한민국 대표 여성 IT인 커뮤니티 위민후코드코리아가 @Lovable과 함께, 국제 여성의 날을 맞아 여성의 삶과 밀접한 사회 문제를 기술로 해결하는 [Hackathon for Women]을"
12,She Run The World — recap,2025-05-31,3929,55,619,2,1,0,17,77,43,0,https://x.com/WWCKorea/status/1928815491499413881,1928815491499413881,"👑She, Run the World✨ 오늘 오신 많은 여성분들이 리더의 자리에 오르는 그날까지! 위민후코드 코리아도 더 알찬 행사로 함께하겠습니다🔥🔥 https://t.co/k9wqHjoufS"
13,WiBla Podcast Ep.01 — community podcast launch,2025-06-05,3918,24,133,2,1,0,15,23,21,33,https://x.com/WWCKorea/status/1930476388769009682,1930476388769009682,"🎙 위블라 Ep.01 공개! 위민후코드 코리아의 첫 팟캐스트 위블라(위민후 블라블라)가 시작됐습니다! 🧩 운영진은 어떻게 커뮤니티에 들어왔을까? 🍩 개발자 행사에서 스몰톡은 어떻게 할까? 비하인드 가득한 첫 에피소드, 지금 들어보세요! 🔗https://t.co/JgASQAadHV https://t.co/leBnnSMuqh"
14,Vibe Coding Contest D-4 — GitHub Klaire Baek keynote,2025-06-24,3637,33,446,13,0,1,21,24,22,58,https://x.com/WWCKorea/status/1937458062115373271,1937458062115373271,"🔥D-4🔥 국내 최초 AI 입코딩 대회가 온다 코딩을 “말로” 한다고? 🎤💻 엑박, 닌텐도 스위치도 걸린 찐 대회🎁 📍광화문 MS 🗓️ 6/28(토) 12~18시 🎙️GitHub Klaire Baek 키노트까지 👉 https://t.co/6eZOYEFfO1 https://t.co/lj2Pd3jfDt"
15,UK Overseas AMA — recap visual,2025-04-11,3487,8,251,1,2,3,1,41,197,1,https://x.com/WWCKorea/status/1910646626143920231,1910646626143920231,https://t.co/C2pc9LocRN
16,1H Retrospective — final call,2025-07-22,3257,19,62,8,0,1,19,9,2,0,https://x.com/WWCKorea/status/1947617365673578634,1947617365673578634,"상반기 회고 언제하지? 🤔 고민하고 있는 분들을 위해 준비했습니다! 🫡 IT 업계 여성이라면 누구나! 상반기 경험을 돌아보고, 하반기 목표를 세워보며 커뮤니티 에너지를 채워요!💪 선착순 30명 모집 중! (모집 마감이 다가오고 있으니, 빠르게 신청하세요!) 더보기.. https://t.co/6S5b0ViJNV"
17,NEW HOPPER 2026 — additional registration,2026-01-26,3224,5,68,1,0,0,6,16,41,0,https://x.com/WWCKorea/status/2015688145715843131,2015688145715843131,📢추가 모집 안내 신청을 놓쳐 아쉬웠던 분들을 위해 선착순 모집을 진행합니다! 많은 관심주셔서 감사드리고 이번주에 만나요🔥 ✨추가 모집인원 : 5명 (신청은 아래 포스팅을 통해 확인부탁드립니다🙂)
18,NEW HOPPER 2026 — early sold-out,2026-01-13,2938,6,41,0,0,0,4,21,10,0,https://x.com/WWCKorea/status/2011064451005583749,2011064451005583749,"[NEW Hopper 2026 with AI] 조기 마감 안내 여러분의 뜨거운 성원으로 신청이 빠르게 조기 마감되었습니다! 본 행사는 선착순 진행으로, 취소 인원 발생 시 재공지 예정입니다😉 신청 완료된 분들께는 현재 순차적으로 안내 메일을 드리고 있습니다. 조금만 기다려 주세요!"
19,NEW HOPPER 2026 — D-3,2026-01-28,2778,11,284,2,0,0,7,22,20,0,https://x.com/WWCKorea/status/2016419236189766067,2016419236189766067,"[D-3] NEW HOPPER 2026 WITH AI 단순한 기술 습득을 넘어 각자의 궤적을 만들어가는 우리, 1월 31일 현장에서 반갑게 만나요! 🌊 📍일자: 2026년 1월 31일(토) 📍장소: 월드 스페이스 서울 (종로구 삼일대로 28길 28 1층) https://t.co/GGaVhUsbPQ"
20,"SheBuilds Builderton — recap (15 projects, 9 showcased)",2026-03-16,2676,27,119,8,0,1,22,19,38,0,https://x.com/WWCKorea/status/2033479987479949365,2033479987479949365,"🌸 SheBuilds on Lovable — 놀라운 작품들을 소개합니다! 벌써 한 주가 지났습니다. 지난 세계 여성의 날, 위민후코드코리아는 @Lovable, 성평등가족부, 시민기술네트워크와 함께 #SheBuildsIWD2026 빌더톤을 개최했습니다. 세계 여성의 날을 맞아 여성 개발자들이 25불 크레딧만으로 놀라운 앱을 https://t.co/UoZXvLgRRF"
21,Vibe Coding Contest — supporter recruitment,2025-05-27,2543,18,91,4,0,3,11,11,33,0,https://x.com/WWCKorea/status/1927155443765330310,1927155443765330310,"🔥입코딩 대회 대학생 서포터즈 모집!🔥 ""말로 코딩한다구요?"" 🎉 GitHub Copilot과 함께하는 새로운 코딩 문화, 입코딩 대회! 키보드 없이, AI를 활용한 ‘말’로 코딩하는 특별한 경험을 함께 만들어갈 대학생 서포터즈를 모집합니다! #microsoft #바이브코딩 #서포터즈 #CodeWithoutBarriers https://t.co/xCciZCl9wx"
22,"She Run The World — speaker (Kim Tae-hee, dev leadership)",2025-05-10,2408,16,88,4,0,1,12,17,10,0,https://x.com/WWCKorea/status/1921187423062503771,1921187423062503771,"[김태희님 - 8년 차 개발자의 리더십 개발기] 코드를 짜던 개발자에서 팀을 이끄는 리더로..! 예상치 못한 리더 역할을 맡으며 겪었던 당황스러움, 버그보다 예측하기 어려운 팀원과의 소통, 안정된 회사를 떠나 새로운 길을 선택한 이야기까지 #테크리더십 #여성개발자 #버그보다_어려운_사람관리 https://t.co/LrMldxjbbx"
23,"NEW HOPPER 2026 — recap (10 speakers, full house)",2026-02-02,2397,14,254,2,0,0,8,21,20,0,https://x.com/WWCKorea/status/2018258713128382754,2018258713128382754,"🎤 NEW HOPPER 2026 WITH AI 성료 지난 1월 31일, AI시대를 항해하는 다양한 직군의 IT여성들과 인사이트를 공유하는 시간을 가졌습니다. 열정적인 세션을 들려주신 10인의 연사님과 추운 날씨에도 현장을 가득 채워주신 참가자분들 감사합니다! 다양한 만남을 계획하고 있으니 다음에 다시 만나요! https://t.co/j1zPYLxIyC"
24,UK Overseas AMA — D-1,2025-04-09,2285,23,78,4,0,0,13,14,28,0,https://x.com/WWCKorea/status/1910118221958791529,1910118221958791529,"🔊 영국 해외취업 AMA 세션 D-1 | RSVP 🇬🇧 드디어 내일, 영국 해외취업 AMA 세션이 열립니다! 평소 궁금했던 것들, 지금 댓글이나 인용으로 남겨주세요. 내일 세션에서 직접 답변드릴게요. 그럼 내일, AMA에서 만나요!"
25,Microsoft Agent Framework Lock-in — workshop announcement,2026-03-23,1837,14,81,6,1,0,4,29,32,0,https://x.com/WWCKorea/status/2036044546061340926,2036044546061340926,⚠️멀티에이전트 방탈출 챌린지⚠️ 2026년 4월 17일. 당.신.은. 멀티에이전트 시스템을 완성할 때까지 방에서 못 나갑니다. (진짜예요😱) Microsoft Agent Framework을 사용해 하루 종일 진짜 Multi-Agent 시스템을 만들어보는 Lock-in 워크숍을 개최합니다! 마이크로소프트의 수석
26,NEW HOPPER 2026 — 65 sign-ups update,2026-01-11,1797,7,145,1,1,1,4,24,27,0,https://x.com/WWCKorea/status/2010234648455151963,2010234648455151963,"여러분의 뜨거운 관심 덕분에 신청 인원이 벌써 65명을 돌파했습니다! 지금까지 공개된 강력한 라인업과 인사이트를 살짝 살펴볼까요? 🧭✨ 현업 끝판왕들의 생생한 노하우는 물론, 우리를 한 단계 더 도약시켜 줄 다음 연사자 라인업도 곧 공개될 예정이니 기대해 주세요! 🎤✨ https://t.co/0vC7VsrC4D"
27,"NEW HOPPER 2026 — speaker lineup (Kang Seul-gi, Lee Soo-jung)",2026-01-18,1556,6,91,0,0,0,4,21,16,0,https://x.com/WWCKorea/status/2012773678555992413,2012773678555992413,"NEW HOPPER 2026 WITH AI 라인업 추가 공개! 🌊 📍강슬기님 (데이터분석가/퇴근후AI): 1.3만 데이터 분석가 &amp; 태블로 앰버서더의 '자기답게' 성과 내는 법 📍이수정님 (실비아헬스 리서치 리드): 간호, AI 연구자, 헬스케어 리서치 리드! 경계를 허무는 커리어 확장 https://t.co/ejEPciA9mk"
28,"She Run The World — speaker (Kim Do-jin, founder)",2025-05-10,1535,12,33,0,2,0,3,12,2,0,https://x.com/WWCKorea/status/1921189741774426539,1921189741774426539,"[김도진님 - 무엇을, 어떻게, 왜 할 것인가] 21살부터 IT서비스 PM, 공동 창업자, VC 투자심사역을 거쳐 현재 해피문데이 대표로 일하고 있습니다. “창업할까?”, “리더십 트랙 탈까?” 고민 중인 모든 분들에게 하고싶은 이야기 #여성건강 #창업스토리 #10년차의통찰 https://t.co/OU5lzx09RZ"
29,"NEW HOPPER 2026 — speaker lineup (Song Kyu-ye, Jeon Hye-jin)",2026-01-21,1465,3,74,2,0,0,1,14,18,0,https://x.com/WWCKorea/status/2013850830617670019,2013850830617670019,"🎤NEW HOPPER 2026 WITH AI : 설계와 운영, AI의 실체를 만드는 사람들! 📍 송규예(생명과학 연구자): ""생명은 프로그래밍 가능한 하드웨어."" AI와 함께 생명 설계도를 다시 쓰는 바이오 엔지니어링의 세계 🧬 📍 전혜진(이지태스크 대표): AI 도입을 성과로 바꾸는 '운영 설계' https://t.co/PA9VFe8X29"
30,UK Overseas AMA — live,2025-04-11,1300,3,155,1,0,0,2,11,33,106,https://x.com/WWCKorea/status/1910644481503953148,1910644481503953148,위민후코드 코리아 영국 해외취업 AMA 시작 20분 전!😎 우리 늦지 않게 만나요~ 🫡 실시간 채팅방에서도 대화를 나눠보아요 :) - 🔗 실시간 채팅방 링크: https://t.co/EOc4KlTyt9
31,Hackathon for Women — closing,2026-03-07,1218,14,33,0,0,0,2,9,8,0,https://x.com/WWCKorea/status/2030213580143161642,2030213580143161642,(하루 먼저 시작해서)전세계 최초 여성의날 기념 여성 개발자 해커톤 행사 끝~ 참여해주신 분들 고생 많으셨습니다✨ 다음 번에도 재미난 행사와 함께해요~
32,NEW HOPPER 2026 — day-of,2026-01-31,1192,19,176,0,1,0,5,21,11,0,https://x.com/WWCKorea/status/2017424585910849667,2017424585910849667,위민후코드코리아는 지금✨ NEW HOPPER 2026 행사장에서 곧 만나요! https://t.co/6osskCWuXa
33,"NEW HOPPER 2026 — speaker lineup (Cho Kyung-sook, Park Sun-woo)",2026-01-14,1123,6,82,1,0,0,3,14,10,0,https://x.com/WWCKorea/status/2011366584175247476,2011366584175247476,🔥 NEW HOPPER 2026 WITH AI 전 좌석 SOLD OUT! 🔥 오늘 공개되는 라인업도 확인하세요! 🎤 📍 조경숙(도토리랩스): 10년 차 개발자의 경험이 하나의 전문성이 되기까지 📍 박선우(크레버스): 프롬프트 엔지니어를 넘어 AI 기획자로 확장하는 법 다음 발표자 공개도 곧 예정되어 있으니 커밍순! https://t.co/riyvVoTO2t
34,Hackathon for Women — vibe coding session preview,2026-02-15,1068,7,29,0,0,1,2,15,4,0,https://x.com/WWCKorea/status/2022919855389946137,2022919855389946137,✨ 전문가 세션: '바이브 코딩'이 불러온 IT 혁신 &amp; 지속가능한 서비스 개발 방법론까지 대공개! Lovable과 함께 의미있는 서비스를 빌드할 40명을 기다려요!
35,NEW HOPPER 2026 — additional registration closed,2026-01-26,1036,1,25,0,0,0,1,5,18,0,https://x.com/WWCKorea/status/2015692355501011100,2015692355501011100,"🎤추가 모집 마감 안내 빠르게 선착순 모집이 마감되었습니다🔥 많은 관심 주셔서 다시한번 감사드리며, 이번주 행사에서 만나뵙도록 할게요🚀"
36,Hackathon for Women — community framing,2026-02-15,994,7,44,3,0,0,1,32,2,0,https://x.com/WWCKorea/status/2022919965612106182,2022919965612106182,"여성의 정체성을 기반으로 안전하고 의미 있게 해커톤을 하고 싶다면? 2월 19일, 모집 오픈을 기대해 주세요! 🔥 #여성해커톤 #IT여성 #WWCKorea #위민후코드코리아"
37,1H Retrospective — registration,2025-07-10,975,0,208,0,0,1,0,23,3,178,https://x.com/WWCKorea/status/1943242511453163967,1943242511453163967,신청링크: https://t.co/yUistg1VGj #위민후코드코리아 #WWCKorea #IT상회 #상반기회고 #2025상반기 #회고 #여성IT커뮤니티 #경험공유 #하반기목표세우기 #네트워킹 #회고챗
38,Hackathon for Women — lunch break,2026-03-07,843,13,81,0,0,1,0,3,15,0,https://x.com/WWCKorea/status/2030140332399317008,2030140332399317008,오늘 위민후코드코리아 여성의 날 해커톤 행사 점심으론 맛있는 크라이치즈버거와 함께😋 여성의 날을 상징하는 장미 대신 빨간색 콜라와 맛있는 햄버거 빵이 함께🍔🌹 https://t.co/KrLV8jJRFu
39,"NEW HOPPER 2026 — last lineup (Jang Min-seo, Kang Yeo-ul)",2026-01-27,787,4,75,1,0,0,4,15,6,0,https://x.com/WWCKorea/status/2016072794350760024,2016072794350760024,"🎤 NEW HOPPER 2026 : 마지막 라인업 ’The Makers‘ 공개! AI를 쓰는 법이 아니라, 결과를 만드는 법에 집중하는 두 분을 소개합니다. 🔥 📍 장민서님(Devrel) - 내 직무의 가치, AI로 재해석하기 📍 강여울님(학생) - 기획은 짧게, 구현은 AI로 즉시! 곧 현장에서 만나요! 🌊 https://t.co/nkBjg1gE6K"
40,Hackathon for Women — output highlight,2026-03-07,784,8,69,0,0,1,1,2,18,0,https://x.com/WWCKorea/status/2030198834371219932,2030198834371219932,"단 2시간 반 만에 등하원 스케줄 관리 시스템, 돌봄 전문가 예약 플랫폼, 여성 건강 관리 앱, 안전 정보 기록 서비스, 이주여성 지원 AI 챗봇, 커뮤니티까지! 기술을 넘어 ‘사람의 삶’을 중심에 둔 오늘의 행사✨ 경험에 기반한 문제 정의와 공감에서 출발한 해결 방식이 실질적인 결과물로 https://t.co/O2NknZCuTi"
41,NEW HOPPER 2026 — hashtags,2025-12-29,756,0,16,0,0,0,0,8,0,0,https://x.com/WWCKorea/status/2005578460090208515,2005578460090208515,#WWCKorea #위민후코드코리아 #IT여성 #AI시대 #커리어성장 #개발자 #생산성 #신년행사 #발표자모집 #AI
42,"SheBuilds Builderton — keynote credit (Bora Lee, Hyeji Byeon)",2026-03-16,749,10,33,0,0,0,4,11,8,0,https://x.com/WWCKorea/status/2033484733280297466,2033484733280297466,"@Lovable @jaeelee2020 @haerinjeong_dev @donutsoup7 @pujaerim @tinyCommit 이번 빌더톤에선 총 15개의 작품이 출품되었습니다! 그중 게시 허가를 주신 9개 팀의 프로젝트만 소개해드렸어요 🌟 키노트 발표를 맡아주신 이보라님, 변혜지님, 그리고 행사를 성공적으로 준비해주신 이보라님, 김민수님, 강보현님, 변혜지님께 진심으로 감사 드립니다. 🙏❤️ 후원으로 행사를"
43,NEW HOPPER 2026 — date / link,2025-12-29,711,1,189,1,0,0,0,10,39,139,https://x.com/WWCKorea/status/2005578049530876030,2005578049530876030,✏️행사 일자 : 1/31 (토) 🎧 지원 링크 : https://t.co/tczFhHMLhx
44,NEW HOPPER 2026 — community framing,2026-01-06,696,1,13,0,0,0,2,8,2,0,https://x.com/WWCKorea/status/2008463417255096456,2008463417255096456,혼자 정리하기 막막했던 생각들을 같은 업계의 여성 동료들과 나누고 개발 · 디자인 · 기획 · 데이터 등 💻🎨📊 각자 다른 일을 하는 여성들이 모여 실무에서 실제로 써본 이야기들을 나눕니다 👉 NEW HOPPER 2026 신청하러 가기
45,NEW HOPPER 2026 — name origin (Grace Hopper),2026-01-06,530,1,5,0,0,0,0,4,0,0,https://x.com/WWCKorea/status/2008463218726109593,2008463218726109593,"NEW HOPPER는 컴퓨터 과학의 선구자 Grace Hopper에서 이름을 따 새해를 향해 도약(HOP) 하고 각자의 희망(HOPE) 을 성과로 만들자는 의미를 담았어요. 🧭 2026년, 혼자가 아닌 동료들과 함께 항해해요."
46,Hackathon for Women — presentation moment,2026-03-07,526,13,47,0,0,1,3,4,18,0,https://x.com/WWCKorea/status/2030191029455097939,2030191029455097939,발표현장에 난입한 고양이..🐈 북북북.. 귀여워요💕 https://t.co/F4FK1XYh47
47,Vibe Coding Contest hashtags,2025-06-24,516,3,8,0,0,0,0,4,1,0,https://x.com/WWCKorea/status/1937458446326009865,1937458446326009865,이번 첫회를 시작으로 계속 진행될 예정이니 지켜봐주세요! #바이브코딩 #입코딩 #해커톤 #개발자 #copilot #vibecoding #lipcoding #coding #microsoft
48,1H Retrospective — registration link,2025-07-22,494,1,28,0,0,0,0,1,0,25,https://x.com/WWCKorea/status/1947617368064376965,1947617368064376965,🔗신청 링크: https://t.co/yUistg1VGj #위민후코드코리아 #WWCKorea #IT상회 #상반기회고 #2025년상반기 #회고 #여성IT커뮤니티 #경험공유 #하반기목표세우기 #회고챗 #네트워킹
49,NEW HOPPER 2026 — registration,2026-01-11,445,1,84,0,0,0,0,1,23,59,https://x.com/WWCKorea/status/2010234703929045391,2010234703929045391,🔗 신청 방법: https://t.co/khdSDdiCAF
50,Vibe Coding Contest — supporter call,2025-05-27,443,1,60,2,0,0,0,1,1,57,https://x.com/WWCKorea/status/1927156051796775156,1927156051796775156,💡 이런 분 환영해요!💡 - IT 계열 전공자 - 공개 SNS/블로그/웹사이트 운영자 - 열정 넘치는 활동가 이번 대회의 성공적인 운영을 함께 이끌어갈 적극적이고 감각 있는 대학생 여러분의 참여를 기다립니다. 👉서포터즈 신청하기: https://t.co/OMA4C1aOgb ☝️행사 정보: https://t.co/rYYXn1reeL
51,Hackathon for Women — sticker moment,2026-03-07,412,4,30,0,0,0,1,1,2,0,https://x.com/WWCKorea/status/2030209221552431413,2030209221552431413,위민후코드코리아 스티커 예쁘게 사용해주신 참가자분✨ https://t.co/EGXOnUWKgF
52,Vibe Coding Contest — supporter details,2025-05-27,334,0,5,0,0,0,0,2,3,0,https://x.com/WWCKorea/status/1927155904736071681,1927155904736071681,"🎯서포터즈 모집 안내 📍모집인원: 5~10명 📍신청 기간 : 5/27~5/30 📍대회 일시 : 6/28(토) 12:00~18:00 📍활동 일정 : - 온라인 사전 OT 진행 (6월 초 예정) - 6/28 : 운영진 준비 09:00~, 행사 시작 12:00~18:00 📍활동 내용: 참가자 안내, 질의 응대, 행사 운영 보조 📍혜택: 굿즈&amp;참가확인증"
53,1H Retrospective — fix correction,2025-07-10,49,1,3,0,0,0,0,2,0,0,https://x.com/WWCKorea/status/1943245454956728495,1943245454956728495,@womanwhomakesai 제보 감사합니다! 덕분에 빠르게 수정했습니다😄
